[
    {
        "state": "Alabama",
        "capital": "Montgomery",
        "address": "Montgomery, Alabama, USA",
        "latitude": 32.3777111,
        "longitude": -86.3090775
    },
    {
        "state": "Alaska",
        "capital": "Juneau",
        "address": "Juneau, Alaska, USA",
        "latitude": 58.3019613,
        "longitude": -134.4196751
    },
    {
        "state": "Arizona",
        "capital": "Phoenix",
        "address": "Phoenix, Arizona, USA",
        "latitude": 33.4484367,
        "longitude": -112.074141
    },
    {
        "state": "Arkansas",
        "capital": "Little Rock",
        "address": "Little Rock, Arkansas, USA",
        "latitude": 34.7465071,
        "longitude": -92.2896267
    },
    {
        "state": "California",
        "capital": "Sacramento",
        "address": "Sacramento, California, USA",
        "latitude": 38.5810606,
        "longitude": -121.493895
    },
    {
        "state": "Colorado",
        "capital": "Denver",
        "address": "Denver, Colorado, USA",
        "latitude": 39.7392364,
        "longitude": -104.984862
    },
    {
        "state": "Connecticut",
        "capital": "Hartford",
        "address": "Hartford, Connecticut, USA",
        "latitude": 41.764582,
        "longitude": -72.6908547
    },
    {
        "state": "Delaware",
        "capital": "Dover",
        "address": "Dover, Delaware, USA",
        "latitude": 39.158168,
        "longitude": -75.5243682
    },
    {
        "state": "Florida",
        "capital": "Tallahassee",
        "address": "Tallahassee, Florida, USA",
        "latitude": 30.4380832,
        "longitude": -84.2809332
    },
    {
        "state": "Georgia",
        "capital": "Atlanta",
        "address": "Atlanta, Georgia, USA",
        "latitude": 33.7544657,
        "longitude": -84.3898151
    },
    {
        "state": "Hawaii",
        "capital": "Honolulu",
        "address": "Honolulu, Hawaii, USA",
        "latitude": 21.304547,
        "longitude": -157.855676
    },
    {
        "state": "Idaho",
        "capital": "Boise",
        "address": "Boise, Idaho, USA",
        "latitude": 43.6166163,
        "longitude": -116.200886
    },
    {
        "state": "Illinois",
        "capital": "Springfield",
        "address": "Springfield, Illinois, USA",
        "latitude": 39.7990175,
        "longitude": -89.6439575
    },
    {
        "state": "Indiana",
        "capital": "Indianapolis",
        "address": "Indianapolis, Indiana, USA",
        "latitude": 39.7683331,
        "longitude": -86.1583502
    },
    {
        "state": "Iowa",
        "capital": "Des Moines",
        "address": "Des Moines, Iowa, USA",
        "latitude": 41.5868654,
        "longitude": -93.6249494
    },
    {
        "state": "Kansas",
        "capital": "Topeka",
        "address": "Topeka, Kansas, USA",
        "latitude": 39.049011,
        "longitude": -95.677556
    },
    {
        "state": "Kentucky",
        "capital": "Frankfort",
        "address": "Frankfort, Kentucky, USA",
        "latitude": 38.2009055,
        "longitude": -84.8732836
    },
    {
        "state": "Louisiana",
        "capital": "Baton Rouge",
        "address": "Baton Rouge, Louisiana, USA",
        "latitude": 30.4494155,
        "longitude": -91.1869659
    },
    {
        "state": "Maine",
        "capital": "Augusta",
        "address": "Augusta, Maine, USA",
        "latitude": 44.3148027,
        "longitude": -69.7743945
    },
    {
        "state": "Maryland",
        "capital": "Annapolis",
        "address": "Annapolis, Maryland, USA",
        "latitude": 38.9786401,
        "longitude": -76.492786
    },
    {
        "state": "Massachusetts",
        "capital": "Boston",
        "address": "Boston, Massachusetts, USA",
        "latitude": 42.3588336,
        "longitude": -71.0578303
    },
    {
        "state": "Michigan",
        "capital": "Lansing",
        "address": "Lansing, Michigan, USA",
        "latitude": 42.7338254,
        "longitude": -84.5546295
    },
    {
        "state": "Minnesota",
        "capital": "Saint Paul",
        "address": "Saint Paul, Minnesota, USA",
        "latitude": 44.9497487,
        "longitude": -93.0931028
    },
    {
        "state": "Mississippi",
        "capital": "Jackson",
        "address": "Jackson, Mississippi, USA",
        "latitude": 32.2998686,
        "longitude": -90.1830408
    },
    {
        "state": "Missouri",
        "capital": "Jefferson City",
        "address": "Jefferson City, Missouri, USA",
        "latitude": 38.577359,
        "longitude": -92.1724265
    },
    {
        "state": "Montana",
        "capital": "Helena",
        "address": "Helena, Montana, USA",
        "latitude": 46.5927425,
        "longitude": -112.036277
    },
    {
        "state": "Nebraska",
        "capital": "Lincoln",
        "address": "Lincoln, Nebraska, USA",
        "latitude": 40.8088861,
        "longitude": -96.7077751
    },
    {
        "state": "Nevada",
        "capital": "Carson City",
        "address": "Carson City, Nevada, USA",
        "latitude": 39.1663259,
        "longitude": -119.7670374
    },
    {
        "state": "New Hampshire",
        "capital": "Concord",
        "address": "Concord, New Hampshire, USA",
        "latitude": 43.207178,
        "longitude": -71.537476
    },
    {
        "state": "New Jersey",
        "capital": "Trenton",
        "address": "Trenton, New Jersey, USA",
        "latitude": 40.2203074,
        "longitude": -74.7659
    },
    {
        "state": "New Mexico",
        "capital": "Santa Fe",
        "address": "Santa Fe, New Mexico, USA",
        "latitude": 35.6876096,
        "longitude": -105.938456
    },
    {
        "state": "New York",
        "capital": "Albany",
        "address": "Albany, New York, USA",
        "latitude": 42.6511674,
        "longitude": -73.754968
    },
    {
        "state": "North Carolina",
        "capital": "Raleigh",
        "address": "Raleigh, North Carolina, USA",
        "latitude": 35.7803977,
        "longitude": -78.6390989
    },
    {
        "state": "North Dakota",
        "capital": "Bismarck",
        "address": "Bismarck, North Dakota, USA",
        "latitude": 46.808327,
        "longitude": -100.783739
    },
    {
        "state": "Ohio",
        "capital": "Columbus",
        "address": "Columbus, Ohio, USA",
        "latitude": 39.9622601,
        "longitude": -83.0007065
    },
    {
        "state": "Oklahoma",
        "capital": "Oklahoma City",
        "address": "Oklahoma City, Oklahoma, USA",
        "latitude": 35.4729886,
        "longitude": -97.5170536
    },
    {
        "state": "Oregon",
        "capital": "Salem",
        "address": "Salem, Oregon, USA",
        "latitude": 44.9391565,
        "longitude": -123.033121
    },
    {
        "state": "Pennsylvania",
        "capital": "Harrisburg",
        "address": "Harrisburg, Pennsylvania, USA",
        "latitude": 40.2663107,
        "longitude": -76.8861122
    },
    {
        "state": "Rhode Island",
        "capital": "Providence",
        "address": "Providence, Rhode Island, USA",
        "latitude": 41.8239891,
        "longitude": -71.4128343
    },
    {
        "state": "South Carolina",
        "capital": "Columbia",
        "address": "Columbia, South Carolina, USA",
        "latitude": 34.000754,
        "longitude": -81.0352313
    },
    {
        "state": "South Dakota",
        "capital": "Pierre",
        "address": "Pierre, South Dakota, USA",
        "latitude": 44.3683644,
        "longitude": -100.351136
    },
    {
        "state": "Tennessee",
        "capital": "Nashville",
        "address": "Nashville, Tennessee, USA",
        "latitude": 36.1622767,
        "longitude": -86.7742984
    },
    {
        "state": "Texas",
        "capital": "Austin",
        "address": "Austin, Texas, USA",
        "latitude": 30.2711286,
        "longitude": -97.7436995
    },
    {
        "state": "Utah",
        "capital": "Salt Lake City",
        "address": "Salt Lake City, Utah, USA",
        "latitude": 40.7596198,
        "longitude": -111.886797
    },
    {
        "state": "Vermont",
        "capital": "Montpelier",
        "address": "Montpelier, Vermont, USA",
        "latitude": 44.2602244,
        "longitude": -72.5750364
    },
    {
        "state": "Virginia",
        "capital": "Richmond",
        "address": "Richmond, Virginia, USA",
        "latitude": 37.5385087,
        "longitude": -77.43428
    },
    {
        "state": "Washington",
        "capital": "Olympia",
        "address": "Olympia, Washington, USA",
        "latitude": 47.0451022,
        "longitude": -122.8950075
    },
    {
        "state": "West Virginia",
        "capital": "Charleston",
        "address": "Charleston, West Virginia, USA",
        "latitude": 38.3505995,
        "longitude": -81.6332812
    },
    {
        "state": "Wisconsin",
        "capital": "Madison",
        "address": "Madison, Wisconsin, USA",
        "latitude": 43.07469,
        "longitude": -89.3841663
    },
    {
        "state": "Wyoming",
        "capital": "Cheyenne",
        "address": "Cheyenne, Wyoming, USA",
        "latitude": 41.139981,
        "longitude": -104.820246
    }
]